,train_rmse,train_mae,train_r2,cv_rmse
lightgbm,0.09246030273167899,0.0481037545892891,0.5664123414444743,0.10358500938341758
gradient_boosting,0.08609612195808242,0.045800011790412654,0.6240470735079079,0.10373131120152419
xgboost,0.10262168552193908,0.05327992769920388,0.4658729446527119,0.1042169637335457
linear,0.1096160170360998,0.05926074676603771,0.39058333616169716,0.10980418216580308
