{
    "model_name": "lightgbm",
    "cv_rmse": 0.1030221571192621,
    "parameters": {
        "n_estimators": 1041,
        "learning_rate": 0.013712273180069328,
        "max_depth": 3,
        "num_leaves": 35,
        "subsample": 0.656434247902397,
        "colsample_bytree": 0.665553645317342,
        "reg_alpha": 0.8566427775934915,
        "reg_lambda": 6.650067200845582
    }
}