{
    "numerical_cols": [
        "temperature",
        "irradiance",
        "humidity",
        "panel_age",
        "soiling_ratio",
        "voltage",
        "current",
        "module_temperature",
        "cloud_coverage",
        "wind_speed",
        "pressure",
        "power",
        "temp_differential",
        "power_irradiance_ratio",
        "soiling_impact",
        "maintenance_frequency",
        "age_efficiency_factor",
        "humidity_temperature_interaction",
        "wind_cooling_effect",
        "performance_efficiency",
        "soiling_degradation",
        "environmental_stress",
        "wind_chill_effect",
        "pressure_normalized_power"
    ],
    "categorical_cols": [
        "string_id",
        "error_code",
        "installation_type"
    ],
    "target_col": "efficiency",
    "medians": {},
    "modes": {},
    "bounds": {
        "temperature": [
            0.0,
            53.10041537509996
        ],
        "irradiance": [
            0.0,
            1078.0370475599968
        ],
        "humidity": [
            0.42759946859000003,
            99.00937327519999
        ],
        "panel_age": [
            0.0,
            30.0
        ],
        "maintenance_count": [
            0.0,
            9.0
        ],
        "soiling_ratio": [
            0.0,
            0.9933460455399999
        ],
        "voltage": [
            0.0,
            61.129827627299925
        ],
        "current": [
            0.0,
            4.797833039739999
        ],
        "module_temperature": [
            0.0,
            57.99219151179995
        ],
        "cloud_coverage": [
            0.0,
            99.1543962537
        ],
        "wind_speed": [
            0.054973587010000005,
            14.8336992711
        ],
        "pressure": [
            985.541152875,
            1036.44579633
        ],
        "power": [
            0.0,
            185.34579451049552
        ],
        "temp_differential": [
            -35.5001661215,
            39.56065688269987
        ],
        "power_irradiance_ratio": [
            0.0,
            49024.84856053519
        ],
        "soiling_impact": [
            0.0,
            880.271432889868
        ],
        "maintenance_frequency": [
            0.0,
            60000.0
        ],
        "age_efficiency_factor": [
            0.0,
            28.665396526499972
        ],
        "humidity_temperature_interaction": [
            0.0,
            4132.33939544986
        ],
        "wind_cooling_effect": [
            -305.6395274095716,
            364.42587360369964
        ],
        "performance_efficiency": [
            0.0,
            4047.2979862487978
        ],
        "soiling_degradation": [
            0.0,
            28.665396526499972
        ],
        "environmental_stress": [
            0.0,
            303200.1539356898
        ],
        "wind_chill_effect": [
            0.001953639779664679,
            11.866208120399957
        ],
        "pressure_normalized_power": [
            0.0,
            0.21489523535789135
        ]
    },
    "valid_medians": {
        "irradiance": 499.6547299,
        "voltage": 12.35013818,
        "current": 1.558413082,
        "panel_age": 17.49773098,
        "maintenance_count": 4.0,
        "humidity": 50.22415155
    },
    "train_columns": [
        "temperature",
        "irradiance",
        "humidity",
        "panel_age",
        "soiling_ratio",
        "voltage",
        "current",
        "module_temperature",
        "cloud_coverage",
        "wind_speed",
        "pressure",
        "power",
        "temp_differential",
        "power_irradiance_ratio",
        "soiling_impact",
        "maintenance_frequency",
        "age_efficiency_factor",
        "humidity_temperature_interaction",
        "wind_cooling_effect",
        "performance_efficiency",
        "soiling_degradation",
        "environmental_stress",
        "wind_chill_effect",
        "pressure_normalized_power",
        "error_code_E00",
        "installation_type_dual-axis"
    ],
    "fitted": true
}